Model,Test RMSE,Test R²
XGBoost,46.89649767456654,0.570708155632019
Random Forest,47.10927089483078,0.566803817849636
Gradient Boosting,47.36155517235181,0.5621516031013274
Decision Tree,49.49785442645298,0.5217614256446246
Ridge Regression,49.83428031773057,0.5152383707168372
Linear Regression,49.83925183520553,0.5151416452857545
ElasticNet,55.685839761975735,0.3947129231391169
Lasso Regression,62.76366935831097,0.2310669878189009
